STATE,ST_CASE,VE_TOTAL,VE_FORMS,PVH_INVL,PEDS,PERNOTMVIT,PERMVIT,PERSONS,COUNTY,CITY,DAY,MONTH,YEAR,DAY_WEEK,HOUR,MINUTE,NHS,RUR_URB,FUNC_SYS,RD_OWNER,ROUTE,TWAY_ID,TWAY_ID2,MILEPT,LATITUDE,LONGITUD,SP_JUR,HARM_EV,MAN_COLL,RELJCT1,RELJCT2,TYP_INT,WRK_ZONE,REL_ROAD,LGT_COND,WEATHER1,WEATHER2,WEATHER,SCH_BUS,RAIL,NOT_HOUR,NOT_MIN,ARR_HOUR,ARR_MIN,HOSP_HR,HOSP_MN,CF1,CF2,CF3,FATALS,DRUNK_DR
32,320148,2,2,0,0,0,2,2,31,170,3,8,2016,4,13,56,1,2,1,1,1,I-80,,150,77.77770000,777.777700000000,0,12,1,1,18,1,0,1,1,1,0,1,0,0000000,13,54,13,59,14,20,27,0,0,1,1
32,320171,2,2,0,0,0,2,2,1,0,16,9,2016,6,15,18,1,1,3,1,2,US-50,,419,77.77770000,777.777700000000,0,12,1,0,1,1,0,1,1,1,0,1,0,0000000,99,99,99,99,88,88,26,0,0,1,0
32,320267,2,2,0,0,0,3,3,7,0,29,9,2016,5,15,18,0,1,98,2,4,CR-747 CHARLESTON DEETH RD,,99998,77.77770000,777.777700000000,0,12,6,0,1,1,0,1,1,1,0,1,0,0000000,99,99,99,99,88,88,0,0,0,2,0